first_name,last_name,year_of_birth,year_of_enrollment,idnp,faculty
Minnie,Pleven,1999,2009,5989279456446,Mathematics and Informatics
Johnna,Houchin,2002,2013,5707159366774,Law
Arman,Slayton,1997,2001,170572261077,"Psychology, Pedagogy, Sociology and Social Work"
Elysee,Tonna,1997,2021,9088994957760,Journalism and Communication Sciences
Adria,Jobson,2001,2002,8495615864809,History and Philosophy
Mendy,Libero,1998,2014,9557578307518,Journalism and Communication Sciences
Farica,Osgodby,1998,2012,9728227559574,Physics and Engineering
Rob,Fawcitt,1996,2000,3430697889227,Philology
Trina,Lapham,1998,2020,8956094830715,"Psychology, Pedagogy, Sociology and Social Work"
Giustina,Philcott,2000,2011,4548005234756,Biology and Geoscience
Manya,Poynser,2001,2004,3258030003087,History and Philosophy
Cybil,Benyan,1996,2013,5039111836697,Physics and Engineering
Hobard,Fake,2002,2007,1122675124827,Mathematics and Informatics
Rora,Tesoe,1995,2007,2335877062118,Physics and Engineering
Viviene,Poley,1995,2017,7366097403450,Economic Sciences
Debora,Hunday,2000,2007,3060086584082,Biology and Geoscience
Engracia,Betts,2002,2017,5697503603624,Biology and Geoscience
Sumner,McMennum,1999,2004,4692122563978,Journalism and Communication Sciences
Xavier,Borrott,1995,2020,1293794266876,Mathematics and Informatics
Denna,Woodage,1995,2020,3921528324272,"International Relations, Political and Administrative Sciences"
Norean,De Benedetti,2000,2005,1241105572336,Biology and Geoscience
Esta,Leeuwerink,2002,2010,9742157674208,Physics and Engineering
Caroljean,O'Callaghan,1997,2001,7125962565726,Law
Agna,De Bruijne,2001,2003,2518124124216,Economic Sciences
Marya,Chidlow,1995,2015,7836520479614,Physics and Engineering
Georgianne,Brithman,1998,2010,9842035511110,Journalism and Communication Sciences
Missie,Mulchrone,1997,2011,7894441480751,Chemistry and Chemical Technology
Brittne,Blannin,2002,2017,3366853922185,Economic Sciences
Evita,Palister,1999,2021,5230607850926,Law
Dolly,O' Scallan,2001,2018,7623497912002,Economic Sciences
Beltran,Bengtsen,1997,2018,2162855426500,"Psychology, Pedagogy, Sociology and Social Work"
Juan,Dominico,1997,2021,760232872774,Mathematics and Informatics
Korie,Davidovic,1995,2001,3470563548427,History and Philosophy
Joann,Dressel,1998,2016,7261310092498,Philology
Britta,Pattison,1997,2010,9279511825869,"International Relations, Political and Administrative Sciences"
Arlana,Chettle,1996,2016,5174354052606,Physics and Engineering
Barby,Gaskill,1998,2006,1467790003286,Philology
Armin,Fallis,1999,2009,1171996259938,Journalism and Communication Sciences
Franciskus,Thams,1995,2013,2466432015939,Philology
Sibella,Geraldi,1998,2020,5325436733544,Physics and Engineering
Jacquetta,Fawlkes,1995,2012,8354863444654,"International Relations, Political and Administrative Sciences"
Torrie,Ivatt,1995,2022,2883962720484,"International Relations, Political and Administrative Sciences"
Rosmunda,Proby,1999,2018,6702181374898,Chemistry and Chemical Technology
Clarissa,Munt,1995,2007,7317535745151,Economic Sciences
Derron,Burgwin,1997,2006,4896455744010,History and Philosophy
Bryon,Janiszewski,2002,2016,7222621132136,Philology
Yoko,Keer,2002,2018,2845103474088,"Psychology, Pedagogy, Sociology and Social Work"
Morey,Sitlington,1995,2019,4269167905700,Chemistry and Chemical Technology
Gisela,Aylmore,1999,2005,8192899264444,"Psychology, Pedagogy, Sociology and Social Work"
Jon,Rennicks,2000,2017,3049646709206,Chemistry and Chemical Technology
Kalie,Askem,2000,2014,3795513802941,Law
Marlyn,Radbone,1995,2009,2239672229123,Biology and Geoscience
Blinny,Dumphrey,1996,2008,8181607088134,"Psychology, Pedagogy, Sociology and Social Work"
Carmina,Brunnstein,1997,2008,4540064567018,Chemistry and Chemical Technology
Marcile,Kliner,1996,2016,3390814908576,Chemistry and Chemical Technology
Sonia,Satchel,1996,2001,2113604215863,Economic Sciences
Georgiana,Haistwell,2002,2022,5993581911737,Law
Clarice,Iliff,1996,2018,7781044421520,"Psychology, Pedagogy, Sociology and Social Work"
Kore,Frenchum,1995,2005,6489568478217,Journalism and Communication Sciences
Gracia,Nutley,1997,2005,4328787073385,Mathematics and Informatics
Latashia,Netti,1995,2018,9093101128798,Philology
Lyn,Pitherick,2000,2015,3646343041020,Chemistry and Chemical Technology
Emilia,Genery,1996,2018,4122281168849,Philology
Colette,Gounod,2001,2016,4032811419457,Chemistry and Chemical Technology
Emylee,McGown,1999,2003,972483291727,"International Relations, Political and Administrative Sciences"
Donny,Shillinglaw,1995,2004,1833410907067,"Psychology, Pedagogy, Sociology and Social Work"
Conni,Treadger,1998,2011,7387738250830,"Psychology, Pedagogy, Sociology and Social Work"
Case,Branney,1996,2015,5171580108975,Biology and Geoscience
Clerc,Whetland,1998,2009,3689989034891,Biology and Geoscience
Eduard,Izatson,1997,2022,4298220340749,Biology and Geoscience
Shelby,Baxandall,2001,2001,2876651876072,Biology and Geoscience
Akim,Oblein,2002,2016,9883183991368,"Psychology, Pedagogy, Sociology and Social Work"
Tamas,Liddy,2000,2007,2433965388141,"International Relations, Political and Administrative Sciences"
Lindsy,McMenemy,2001,2000,8720823202051,Physics and Engineering
Jobyna,Douglas,1997,2008,5380071731725,Law
Maridel,Mitro,2001,2006,2608604751124,"International Relations, Political and Administrative Sciences"
Leonora,Tewkesbury.,2000,2000,3820639724951,Mathematics and Informatics
Mabelle,Sibbald,1997,2000,3175980267677,Mathematics and Informatics
Lethia,Polin,1996,2007,8554853413217,Mathematics and Informatics
Erica,Woolmore,2001,2003,6362088120480,Economic Sciences
Hamil,Tolcharde,1997,2007,955468672144,Economic Sciences
Collete,Dibb,1998,2003,4881779423775,Law
Kiele,Cocker,2000,2003,5426116730590,Biology and Geoscience
Jackie,Hollow,2001,2021,581740350152,Economic Sciences
Marya,Dagless,1997,2008,7940665060921,Biology and Geoscience
Karalee,Van T'Hoog,1997,2011,9557136343921,Economic Sciences
Deerdre,Tanser,2000,2005,4291448840981,Law
Cornell,McNern,1995,2001,9457983020955,Biology and Geoscience
Sergeant,Marusic,2000,2008,3055679632048,"International Relations, Political and Administrative Sciences"
Dolli,Baszkiewicz,2001,2005,4504853137650,"International Relations, Political and Administrative Sciences"
Krisha,Glasebrook,1997,2014,9432090116988,Philology
Erhard,Ilchuk,1999,2001,2914043144207,Law
Marianne,Cobbin,1998,2006,6941505432017,Physics and Engineering
Donovan,Ebbins,1995,2012,4239510646885,"Psychology, Pedagogy, Sociology and Social Work"
Perrine,De Few,2002,2022,5339249292169,Economic Sciences
Farlie,Klimek,1995,2000,9316371230261,Philology
Mandi,Boyce,2001,2018,5217884577866,Law
Abbi,Drinkwater,2000,2008,256861233925,"International Relations, Political and Administrative Sciences"
Deanna,Pinnere,2002,2013,5232053607825,Law
Lyon,Incogna,2001,2012,3024995172951,Chemistry and Chemical Technology
Morley,Dumphry,1995,2002,9745242186986,Law
Urbain,Houseman,1998,2005,4558728107670,Economic Sciences
Jerrine,Leads,1999,2020,4225902477545,Philology
Ephraim,Goldstone,2001,2019,6873520444756,Mathematics and Informatics
Roseline,Tolchar,1996,2015,6635407952583,Chemistry and Chemical Technology
Janella,Ruddlesden,1998,2015,3734690958495,History and Philosophy
Arel,Skidmore,1995,2001,6610807871539,"International Relations, Political and Administrative Sciences"
Trevar,Pargetter,1997,2008,4373469269836,Physics and Engineering
Pincas,Ponder,1997,2015,815907710961,Journalism and Communication Sciences
Ellerey,Denisovo,1995,2019,8786837342773,Journalism and Communication Sciences
Iris,Searles,1996,2021,4460971360975,History and Philosophy
Putnem,Troth,1995,2012,7125482307974,Economic Sciences
Cheston,Clail,1999,2001,9390749544554,Journalism and Communication Sciences
Stillmann,Nairne,1999,2015,4887369903858,Mathematics and Informatics
Lilian,Kinkaid,1996,2016,7380053787161,Biology and Geoscience
Ulrike,Leeves,1999,2002,1874284983115,Economic Sciences
Keslie,Ketton,2002,2013,489617783960,Physics and Engineering
Lyndell,Morcom,2000,2001,5400550725267,"Psychology, Pedagogy, Sociology and Social Work"
Vanessa,Davydzenko,2000,2009,1658481497521,"Psychology, Pedagogy, Sociology and Social Work"
Elliot,Halliberton,2000,2005,2809283770647,History and Philosophy
Alexis,Fripps,2001,2003,3932770225378,Journalism and Communication Sciences
Mendie,Pulman,1999,2014,7174816708072,Mathematics and Informatics
Gayler,Como,2002,2019,6801281453780,Economic Sciences
Field,Teare,2001,2006,5948402783172,Journalism and Communication Sciences
Julianna,Carvil,1999,2006,5859271326378,Chemistry and Chemical Technology
Clyve,Dufoure,1996,2019,4950849066404,Chemistry and Chemical Technology
Sharline,Keeting,1997,2021,7216300013570,"International Relations, Political and Administrative Sciences"
Lyndel,Vicarey,2000,2014,7884182391169,Philology
Courtnay,Dakhno,1998,2013,4952640170981,Mathematics and Informatics
Tricia,Ellwood,2002,2009,8106397695535,"International Relations, Political and Administrative Sciences"
Aline,MacGuffog,1996,2003,3636091785766,Economic Sciences
Geoff,Chesshire,2000,2017,5946354593645,"Psychology, Pedagogy, Sociology and Social Work"
Jamesy,Risman,2000,2013,386254984336,Chemistry and Chemical Technology
Dorrie,Jeaneau,2000,2002,7508014695656,Mathematics and Informatics
Joni,Midghall,2000,2015,1462269427124,Law
Billy,Neary,1999,2001,8468733649000,Journalism and Communication Sciences
Desdemona,Lyall,2000,2016,7564595768506,"International Relations, Political and Administrative Sciences"
Lemuel,Duferie,1998,2014,2207727743881,"International Relations, Political and Administrative Sciences"
Wain,Salzburger,1999,2004,8437490091786,Journalism and Communication Sciences
Shell,Lundon,1996,2009,1779182395413,Philology
Sondra,Hadingham,1995,2004,7289372532203,Biology and Geoscience
Frazer,Flament,2000,2004,6940006549698,Physics and Engineering
Carlie,Thurlbeck,1996,2011,4608922172957,"International Relations, Political and Administrative Sciences"
Artur,Wadham,1995,2017,1669669810472,Law
Minta,Lamdin,2001,2002,127102906861,Philology
Pamelina,Flower,1997,2007,5662003250979,Chemistry and Chemical Technology
Shadow,Cheson,1999,2010,8983015947256,Chemistry and Chemical Technology
Barry,Cuppitt,1998,2000,2714230108926,"International Relations, Political and Administrative Sciences"
Brice,Punshon,1995,2005,9584347693918,Economic Sciences
Nye,Little,1999,2001,1551894423405,"Psychology, Pedagogy, Sociology and Social Work"
Kristien,Brazier,2002,2003,2461132670205,Physics and Engineering
Tracey,Halgarth,2001,2019,9097917061511,Chemistry and Chemical Technology
Vasily,Maffia,1995,2019,3372793204385,History and Philosophy
Naoma,Harsant,1996,2001,3023592885741,"Psychology, Pedagogy, Sociology and Social Work"
Halli,Alishoner,1998,2000,5590881535093,Journalism and Communication Sciences
Doroteya,Foxworthy,2000,2021,9694342390364,Journalism and Communication Sciences
Lolita,Fordham,1998,2019,3698472365384,Philology
Peggy,MacTerrelly,1998,2000,8106559054956,Chemistry and Chemical Technology
Tabbie,Orry,2001,2007,9797107229326,History and Philosophy
Estell,Rupert,1998,2002,5851414450479,"Psychology, Pedagogy, Sociology and Social Work"
Fifine,Lillgard,2002,2012,9297447348661,Law
Alvira,Gleder,1998,2019,6408968029539,Philology
Ania,Verma,2000,2001,7187401728746,History and Philosophy
Minnie,Gready,1998,2020,4543214081447,Biology and Geoscience
Conway,McVicker,2002,2018,5730091299738,Physics and Engineering
Oona,Camillo,1999,2015,2930612866366,"Psychology, Pedagogy, Sociology and Social Work"
Etti,Cake,2000,2016,7525048317210,Physics and Engineering
Eziechiele,Tuison,1998,2003,4452509516118,Physics and Engineering
Barbey,Buttwell,2002,2007,6034775169241,Philology
Frank,Taffurelli,1997,2012,2784863602938,Mathematics and Informatics
Rinaldo,McCuaig,1999,2008,7057117135812,Journalism and Communication Sciences
Selene,Ridhole,1998,2008,6773511789872,History and Philosophy
Napoleon,Wisdish,2002,2008,2259604601702,Physics and Engineering
Bettine,Doig,2001,2005,1999772323310,Biology and Geoscience
Cull,Ready,1998,2003,9962948877397,Chemistry and Chemical Technology
Anny,Tibbs,1995,2017,950996688262,Law
Cele,Bernth,1996,2022,4709339647856,"Psychology, Pedagogy, Sociology and Social Work"
Derrick,Kytter,1999,2016,4502427978004,Law
Bride,Byng,2000,2019,3777724860692,Mathematics and Informatics
Sabina,Newberry,2001,2005,3316716226024,Physics and Engineering
Fedora,Rumin,1997,2004,298783044519,Mathematics and Informatics
Nikolai,Stockbridge,1995,2020,5184327207814,Philology
Gibby,Hudleston,1999,2015,5261090279722,Philology
Dorie,Kees,1996,2015,4309248047554,History and Philosophy
Cecilia,Palfree,2001,2007,211656181633,"International Relations, Political and Administrative Sciences"
Scotti,Trotter,1998,2016,9772749120971,Physics and Engineering
Nikita,Philbrick,1998,2009,8336579561759,Mathematics and Informatics
Melvyn,Kelleher,2002,2001,9558109350192,Journalism and Communication Sciences
Camala,Tiner,2001,2005,6953927404687,Biology and Geoscience
Melicent,Lokier,1999,2018,5853004306778,History and Philosophy
Judas,Vila,1997,2022,4348989675908,Economic Sciences
Whitman,Muffin,1996,2018,7478172819477,Journalism and Communication Sciences
Pip,Priestley,2001,2020,695747498210,History and Philosophy
Murry,Tidbury,1996,2009,3617528091351,Philology
Salli,Sorsby,1996,2006,7220273520716,Journalism and Communication Sciences
Aloisia,Roncelli,1999,2002,8647718574828,"Psychology, Pedagogy, Sociology and Social Work"
Felicdad,Marvel,1997,2000,6123493556226,Economic Sciences
Debi,Leed,1996,2004,1296376901556,Journalism and Communication Sciences
Jareb,Yurasov,1999,2012,4010283139528,Economic Sciences
Kerwin,Renshaw,2001,2019,2032434332657,Physics and Engineering
Isaak,Frome,2000,2017,9477767811795,Economic Sciences
Krysta,Binfield,1997,2020,5239134853959,"International Relations, Political and Administrative Sciences"
Nisse,Banbrook,1996,2009,8804436429069,Mathematics and Informatics
Dominique,Ironside,2001,2022,9238414378389,Chemistry and Chemical Technology
Constantina,Awdry,1997,2001,9287986130505,"International Relations, Political and Administrative Sciences"
Muriel,Cosh,1996,2001,1875259204444,Physics and Engineering
Wilbert,Heers,1996,2020,7628621717761,Journalism and Communication Sciences
Danie,Christley,2001,2020,1485337186035,Economic Sciences
Rebeca,Pinor,1997,2004,4898145531928,"Psychology, Pedagogy, Sociology and Social Work"
Cleve,Pallatina,1997,2017,6212506562283,Chemistry and Chemical Technology
Tammara,Tredwell,2000,2006,6698468688452,Journalism and Communication Sciences
Janka,Chidzoy,2000,2007,3152876153676,Philology
Kelcy,Yerby,1995,2019,7358424417267,Law
Kimmi,Widdicombe,1999,2006,697553050240,Physics and Engineering
Kittie,Tunny,1997,2011,2597917880926,Journalism and Communication Sciences
Bel,Demangeot,1997,2010,2382643475781,Economic Sciences
Glenn,Tindle,2001,2005,8503225260230,Journalism and Communication Sciences
Innis,Ferrario,1996,2006,3433605966737,Mathematics and Informatics
Isaac,Trassler,1996,2018,1574185850806,Law
Helena,Redshaw,1995,2015,1785565947181,Chemistry and Chemical Technology
Ulla,Noah,1998,2006,9660181447679,Philology
Tilly,Middlemiss,2001,2012,3102869424009,History and Philosophy
Brade,Schwanden,2001,2021,7440795145708,History and Philosophy
Stephen,Beel,2002,2020,4868270183878,Biology and Geoscience
Stuart,Drabble,1996,2003,7562378000528,Chemistry and Chemical Technology
Charlotta,Crottagh,1999,2005,9730455379284,"International Relations, Political and Administrative Sciences"
Camilla,Petric,2001,2019,9893470949131,"International Relations, Political and Administrative Sciences"
Yoko,Lambkin,2002,2019,451971372327,Economic Sciences
Aili,Adel,2001,2016,1695775955825,Journalism and Communication Sciences
Shay,Jonathon,2002,2003,8282301735712,Physics and Engineering
Sarene,Stiles,2001,2002,1326905104566,"Psychology, Pedagogy, Sociology and Social Work"
Prescott,Rogez,2001,2022,8994041467772,Biology and Geoscience
Noby,Doers,2000,2009,2145432272302,"Psychology, Pedagogy, Sociology and Social Work"
Roderich,Mewe,1997,2014,2201667319890,History and Philosophy
Warren,Canto,1999,2005,1957670626349,Mathematics and Informatics
Abel,McClelland,2001,2005,5709103829129,Biology and Geoscience
Vito,Nerval,2002,2015,1730144790243,Biology and Geoscience
Caterina,Topaz,1998,2001,5693204904817,Journalism and Communication Sciences
Art,Smithyman,1995,2018,6434213361735,Mathematics and Informatics
Felic,Trenfield,2002,2020,5838269644501,Biology and Geoscience
Nicole,Bonnick,2002,2017,9128327952967,Physics and Engineering
Melloney,Ramsdale,1999,2002,5826852338524,Philology
Foster,Summerbell,1999,2014,5576195941613,"Psychology, Pedagogy, Sociology and Social Work"
Gregorio,M'cowis,1996,2021,9393161875636,Law
Nilson,Servis,2000,2004,2183052221705,History and Philosophy
Vitia,Mossdale,2002,2007,5348998682289,"Psychology, Pedagogy, Sociology and Social Work"
Flory,Mullins,1997,2010,6279171809885,Mathematics and Informatics
Olia,Breckon,1997,2012,313897354092,Physics and Engineering
Briney,Ovesen,1998,2015,6972140187271,"Psychology, Pedagogy, Sociology and Social Work"
Brianne,Wrightson,1997,2006,6231744759587,Chemistry and Chemical Technology
Brooks,Nardrup,1998,2018,367965626968,Biology and Geoscience
Isabel,Vampouille,2002,2013,3578824156549,History and Philosophy
Alphonse,Jerg,2000,2012,4670143060941,Philology
Lynsey,Durward,2001,2019,9021489974052,Mathematics and Informatics
Marysa,Mourge,1996,2002,1662852137796,Mathematics and Informatics
Conrad,Petrecz,1997,2013,9585787550506,"International Relations, Political and Administrative Sciences"
Gabi,Bonfield,1995,2002,5986361591786,Journalism and Communication Sciences
Chaddy,Gruczka,1998,2008,3745929600265,"International Relations, Political and Administrative Sciences"
Timoteo,Crop,2001,2012,4345965034045,Biology and Geoscience
Tammi,Camerana,2002,2022,7383755868696,Biology and Geoscience
Maxy,Tratton,1998,2014,9807949005584,Philology
Talia,McCrackem,2002,2015,254247723157,"International Relations, Political and Administrative Sciences"
Miquela,Ashworth,1998,2000,7887600971131,History and Philosophy
Star,Drewson,1997,2003,5893373761250,Mathematics and Informatics
Harli,Maddicks,1997,2020,6102878977663,Philology
Jayme,Manjot,1997,2017,7267462824083,History and Philosophy
Evvie,Bramont,1998,2005,2828366041333,Chemistry and Chemical Technology
Jone,Hancell,1998,2005,4981783166335,Chemistry and Chemical Technology
Kipp,Shickle,2001,2005,8246115783683,Physics and Engineering
Benjamin,Kristof,1999,2020,6770177417238,"International Relations, Political and Administrative Sciences"
Lezlie,Libero,2000,2014,7362286088720,Journalism and Communication Sciences
Gael,Whymark,1997,2014,8386686577053,Philology
Correna,Montacute,2002,2020,5077765526977,Mathematics and Informatics
Estrellita,Eldrid,1995,2010,1655759198790,Law
Grant,Normanell,2002,2017,2762548114596,Economic Sciences
Cahra,Logsdale,2000,2018,6496231028919,Law
Lia,Dunbar,1996,2009,9685941704164,Mathematics and Informatics
Jacinda,Lenahan,2000,2015,1262098928625,Chemistry and Chemical Technology
Amory,Liverseege,1999,2010,4574235486848,Journalism and Communication Sciences
Frankie,Ten Broek,1997,2012,7736210369919,Biology and Geoscience
Petey,Pacey,1999,2008,2095744184684,Mathematics and Informatics
Constantine,Going,2001,2006,777100463698,"Psychology, Pedagogy, Sociology and Social Work"
Kenon,Overstone,2001,2005,8170660746528,Economic Sciences
Ellene,Kem,2001,2005,5384420907580,Physics and Engineering
Lou,Freestone,1998,2010,3878628864932,Philology
Juliet,Dykes,2000,2012,4892888239270,Journalism and Communication Sciences
Laura,Hinkens,1998,2020,6043736180786,Chemistry and Chemical Technology
Miguel,Stratton,2002,2005,9853208730826,Law
Marve,Runacres,1996,2009,7889022438617,Mathematics and Informatics
Rodolfo,Holdforth,1997,2013,1053238826529,"International Relations, Political and Administrative Sciences"
Kimmie,Yoskowitz,2002,2004,6703940277003,Chemistry and Chemical Technology
Bradan,Woodland,2001,2002,7865280494864,Biology and Geoscience
Kary,Deeny,1998,2018,5796519837965,"International Relations, Political and Administrative Sciences"
Antone,Waadenburg,2001,2008,6887650669356,Economic Sciences
Terencio,Bettaney,1995,2001,5428801991939,Mathematics and Informatics
Britt,Cumesky,1996,2020,4355418793540,Physics and Engineering
Olympie,Radeliffe,1996,2013,5573591204328,Mathematics and Informatics
Josee,Trevaskiss,2001,2000,779089373170,Physics and Engineering
Honoria,Echalier,1998,2014,1221194267955,Journalism and Communication Sciences
Doe,McGann,1995,2001,9509837750827,Philology
Padget,Dashkovich,2000,2006,709380837257,Chemistry and Chemical Technology
Anatola,Yukhnini,1998,2011,2810021175936,"Psychology, Pedagogy, Sociology and Social Work"
Felicity,Pleace,1995,2020,6249059072616,Chemistry and Chemical Technology
Salvatore,O' Cloney,1995,2005,7488754259144,"Psychology, Pedagogy, Sociology and Social Work"
Arv,Vicary,2002,2017,4339049676110,Law
Harley,Foxall,1995,2018,4494742925289,Economic Sciences
Allie,Cotterel,2001,2006,8852447745928,Physics and Engineering
Concettina,Bremen,1996,2021,7298892510812,Philology
Carmon,McAloren,1998,2002,5821802306560,Economic Sciences
Kelsy,Clinkard,2002,2015,7413459856840,Mathematics and Informatics
Kellsie,Penreth,1999,2019,852086041602,"Psychology, Pedagogy, Sociology and Social Work"
Weston,Iiannone,2000,2008,8009294823931,Law
Ardyce,Kacheller,1999,2021,7542560181220,Law
Gabbi,Goulborn,2002,2020,5703201228752,Chemistry and Chemical Technology
Lindsey,Carlisi,2001,2006,5113090645515,Economic Sciences
Rollie,Abramcik,1999,2022,174591257086,Biology and Geoscience
Isadore,Ellerman,2001,2007,2950049827647,Chemistry and Chemical Technology
Gay,Carrier,1995,2010,9370285381782,Chemistry and Chemical Technology
Bogey,Gerren,1995,2016,9371417682557,"Psychology, Pedagogy, Sociology and Social Work"
Leland,MacMearty,1997,2012,7419505903474,Biology and Geoscience
Delaney,Romera,1996,2006,314073141091,"International Relations, Political and Administrative Sciences"
Gothart,Fernando,2002,2005,6294573745143,History and Philosophy
Desmond,Franke,2000,2012,6375743302814,Economic Sciences
Melonie,McCulley,1995,2002,2223184534449,"Psychology, Pedagogy, Sociology and Social Work"
Moyra,Casement,1995,2004,9346921296417,"Psychology, Pedagogy, Sociology and Social Work"
Joshua,Wallett,2000,2010,1226244477493,Journalism and Communication Sciences
Granville,Harback,2000,2014,2580167913121,Chemistry and Chemical Technology
Elbertine,Penson,2001,2018,8999639480114,Chemistry and Chemical Technology
Calida,Housbey,1998,2007,7002803998934,Biology and Geoscience
Biron,Dumingos,1998,2009,3420778623899,Economic Sciences
Louie,Beeck,1998,2014,7878046822623,"International Relations, Political and Administrative Sciences"
Brianna,Ludwikiewicz,2002,2006,5354239412832,Physics and Engineering
Bride,Lugg,1999,2019,9682560443615,Economic Sciences
Kate,Summerlad,1997,2015,5338644277910,Economic Sciences
Hobard,Orwell,2000,2003,3138408204043,Physics and Engineering
Kanya,Jallin,2000,2021,1303926661437,Biology and Geoscience
Sibel,Dundredge,1995,2006,732006825358,Law
Kikelia,Chasles,1998,2003,2153300593432,Chemistry and Chemical Technology
Nickolai,Hegge,1998,2019,5484696368180,Biology and Geoscience
Worth,Cottisford,1996,2020,3887953931999,History and Philosophy
Geno,Gallego,1999,2020,7718039726517,Chemistry and Chemical Technology
Roobbie,Balls,1996,2015,3308489407153,Physics and Engineering
Jacky,Summerrell,2002,2004,8574115321109,"Psychology, Pedagogy, Sociology and Social Work"
Catharine,Swatten,2001,2001,9189117566355,Journalism and Communication Sciences
Elke,Kingh,2001,2009,8811000365556,Chemistry and Chemical Technology
Teador,Cruikshanks,1996,2004,6904526649096,Biology and Geoscience
Shelton,Kane,1999,2006,1252695298381,Journalism and Communication Sciences
Aurore,Staite,1995,2001,2578181573228,Law
Janean,Merryman,1998,2013,5916454727515,Economic Sciences
Homer,Mulvaney,2002,2009,6266416003057,"Psychology, Pedagogy, Sociology and Social Work"
Christy,La Padula,1997,2009,3094146399749,Law
Atlante,Zukierman,2000,2005,3268962485919,"International Relations, Political and Administrative Sciences"
Reinold,Jery,1998,2000,372485624756,"Psychology, Pedagogy, Sociology and Social Work"
Lindsy,Maccaddie,1996,2018,2072157384442,Law
Murdoch,Hackford,1998,2018,2607427174716,"Psychology, Pedagogy, Sociology and Social Work"
Frederick,Blazynski,2001,2013,6724907867457,Biology and Geoscience
Mallory,Whitty,1996,2012,9206337109132,History and Philosophy
Agustin,Beyn,2002,2009,1515314750856,Philology
Malva,Keitley,1995,2001,5481915197979,History and Philosophy
Gerry,Shulver,2002,2022,1728925422190,"Psychology, Pedagogy, Sociology and Social Work"
Kelsey,Hallitt,1996,2012,4423870996262,Physics and Engineering
Jacquelin,McCome,1998,2002,1199174757780,"International Relations, Political and Administrative Sciences"
Hale,Edwinson,1997,2011,8929685358942,"International Relations, Political and Administrative Sciences"
Jolyn,Fernehough,1995,2012,7350515497808,Economic Sciences
Cornelia,Duprey,1999,2012,9164956871228,Journalism and Communication Sciences
Neila,Marrian,1999,2009,1337731389021,"Psychology, Pedagogy, Sociology and Social Work"
Lynne,Wartnaby,1996,2000,7232692938897,"Psychology, Pedagogy, Sociology and Social Work"
Casper,Guillard,1996,2014,8385536682732,History and Philosophy
Faunie,Sigart,2000,2007,9134997486558,"International Relations, Political and Administrative Sciences"
Pascale,Borlease,2001,2010,7832548980389,"Psychology, Pedagogy, Sociology and Social Work"
Jesselyn,Pacher,2002,2009,6268610056919,Economic Sciences
Farrand,Rothert,1997,2019,9188727330953,Law
Bing,Angeli,2000,2002,8316743299317,Philology
Leanora,Spick,1995,2017,9740389886572,History and Philosophy
Silvie,Colliver,1995,2021,4727869432622,Law
Natalie,Bernon,1998,2000,8489799375545,Biology and Geoscience
Vivie,Pammenter,1997,2020,1343617004286,History and Philosophy
Bradford,Sleaford,1997,2019,9068729123396,"Psychology, Pedagogy, Sociology and Social Work"
Gigi,Lamport,2002,2004,1461832855715,Chemistry and Chemical Technology
Ellene,Kalinowsky,1995,2019,9449817362007,Philology
Umberto,Doll,1996,2018,9927571919741,"International Relations, Political and Administrative Sciences"
Hashim,Hampson,2000,2005,9962735901002,Journalism and Communication Sciences
Bess,Yoxall,1996,2010,6038566746474,Journalism and Communication Sciences
Engracia,Massard,2002,2003,7678274179810,Journalism and Communication Sciences
Melinda,Galland,1997,2002,4084812989564,"Psychology, Pedagogy, Sociology and Social Work"
Carolyn,Feeney,2000,2018,8441912371923,Law
Latisha,Blondelle,1996,2018,1886338460137,Economic Sciences
Patrica,Quye,1998,2000,5884469171946,Law
Dukey,Avrashin,1995,2014,8248293565596,Biology and Geoscience
Bobbe,Kynson,1997,2011,7211732976166,History and Philosophy
Kyrstin,Alfonzo,1999,2000,1726585190913,"International Relations, Political and Administrative Sciences"
Heida,Chittleburgh,1999,2017,1089390357477,History and Philosophy
Nessi,Giamitti,2002,2016,1157212970662,"Psychology, Pedagogy, Sociology and Social Work"
Kizzee,Hutable,1998,2008,8800897991851,Economic Sciences
Skipp,Rhyme,2001,2009,7220636653760,Journalism and Communication Sciences
Vincenz,Lambricht,1999,2007,1153419063052,"International Relations, Political and Administrative Sciences"
Carree,Speachley,1998,2001,5131708026860,Biology and Geoscience
Inger,Devigne,1995,2017,7630553051239,Mathematics and Informatics
Margeaux,Berthelet,1998,2008,6425635492504,Biology and Geoscience
Gaspard,Raeburn,2002,2004,6158404545031,Philology
Missy,Castana,2001,2008,6135871854675,Mathematics and Informatics
Cloe,Glasgow,2000,2000,7713161907130,"Psychology, Pedagogy, Sociology and Social Work"
Tiffani,Toogood,1996,2013,7004406101008,"Psychology, Pedagogy, Sociology and Social Work"
Corette,Veronique,2002,2005,5359963323223,Mathematics and Informatics
Teodoro,Lauridsen,2002,2001,9672845798374,Philology
Tiffani,Wintour,1997,2000,7977583688369,Biology and Geoscience
Alan,Fulk,2001,2005,5454853131590,Mathematics and Informatics
Nola,Calken,1996,2018,3112159817267,Physics and Engineering
Andris,Lyddy,2000,2021,7059292362579,Economic Sciences
Marsiella,MacEveley,1996,2022,9160145727175,Biology and Geoscience
Friedrick,Tuckley,1996,2007,6966729961690,Biology and Geoscience
Miles,Ewert,1998,2008,1924272003884,Journalism and Communication Sciences
Xymenes,Lilleycrop,1999,2007,9864603724101,Biology and Geoscience
Antonetta,Wheatley,2002,2017,5836517197652,Physics and Engineering
Ty,Moyler,2002,2006,2300231738317,Philology
Pierrette,Wroughton,2002,2010,5939969990477,"Psychology, Pedagogy, Sociology and Social Work"
Rafi,Holbarrow,2002,2005,5082840972057,Philology
Eolanda,Scrammage,1996,2007,3246963378984,Philology
Laughton,Mityushin,1998,2012,1486011679265,"Psychology, Pedagogy, Sociology and Social Work"
Karyl,Gheerhaert,2001,2016,8843725654889,Biology and Geoscience
Madelina,Trimmill,2002,2010,8217823943377,Chemistry and Chemical Technology
Jamesy,Benazet,1998,2015,4519931995245,History and Philosophy
Iorgos,Mooreed,2002,2013,5492547239156,Chemistry and Chemical Technology
Sorcha,Parysiak,1996,2016,5702896445667,"International Relations, Political and Administrative Sciences"
Flori,Merriday,2000,2004,7361324116667,Economic Sciences
Alidia,Peevor,1999,2010,4079203612271,Law
Addison,Canedo,2002,2001,1681367431201,Law
Amby,Goggin,1996,2015,6419873026309,Physics and Engineering
Caren,Amort,2001,2009,9260069183247,"International Relations, Political and Administrative Sciences"
Tan,Ricards,2000,2008,197115229475,Philology
Florence,Casey,2000,2009,5236850003659,Philology
Elena,MacGown,1996,2008,5614215278623,Physics and Engineering
Arnuad,Dacca,2000,2014,4237613465810,Chemistry and Chemical Technology
Silvie,Waring,1996,2004,9341436258292,Chemistry and Chemical Technology
Artemas,Dignon,2002,2022,1239420820736,Philology
Berthe,Edwardes,2001,2004,811401082450,Physics and Engineering
Matthias,McCrorie,1996,2010,2800065968664,"Psychology, Pedagogy, Sociology and Social Work"
Evangeline,Oliveti,2002,2000,9475755578312,History and Philosophy
Lotte,Dunnaway,1999,2016,935476047089,History and Philosophy
Bordie,Boots,1996,2010,833190219524,Economic Sciences
Bambi,Lenney,1995,2007,3250197131347,Philology
Benton,Habron,1997,2018,3063704174580,Biology and Geoscience
Amii,Lyptratt,2001,2002,6002698189872,Physics and Engineering
Ottilie,Dallison,1995,2011,2352595458281,"Psychology, Pedagogy, Sociology and Social Work"
Renate,Stackbridge,1997,2010,1479766133195,"Psychology, Pedagogy, Sociology and Social Work"
Nickolai,Eacle,2001,2003,9126942165109,Journalism and Communication Sciences
Doralynne,Ben-Aharon,1996,2012,4324376822746,Chemistry and Chemical Technology
Jillana,Meckiff,1999,2007,7579752771458,Biology and Geoscience
Raddy,Allcott,1995,2003,1913190194751,History and Philosophy
Sibylle,Ucchino,1999,2008,6127238840214,"International Relations, Political and Administrative Sciences"
Kitti,Pickervance,2001,2003,1731167595307,Physics and Engineering
Alvan,Marzelo,1995,2010,3011936965641,History and Philosophy
Rozamond,Walak,2000,2004,2836730191078,Chemistry and Chemical Technology
Rab,Hadye,1997,2022,9267025474346,"International Relations, Political and Administrative Sciences"
Banky,Zupo,1998,2019,8599124050928,Chemistry and Chemical Technology
Claudina,Teas,2001,2020,1331450531731,Philology
Shelbi,Nussgen,2000,2012,8191462384300,History and Philosophy
Rici,McGenn,1998,2000,2432379212846,Mathematics and Informatics
Jewelle,Jacobsson,1998,2016,6726764853724,History and Philosophy
Parry,Coppen,2000,2020,6421918423812,"International Relations, Political and Administrative Sciences"
Gustav,Stringman,1997,2010,182516349659,Economic Sciences
Gregorius,Glassman,1995,2017,7180674260457,History and Philosophy
Dyana,McVrone,1996,2004,5702656273828,History and Philosophy
Lucky,Peddersen,1997,2015,6997862587719,Philology
Sayres,Freegard,1998,2018,9315411270688,Law
Gerta,Leonard,1996,2004,7227930334398,"International Relations, Political and Administrative Sciences"
Ainsley,Hitcham,2000,2001,7671248235978,Biology and Geoscience
Maud,Rosentholer,2001,2003,6107483794027,"Psychology, Pedagogy, Sociology and Social Work"
Tessi,Blanchette,1995,2005,3853256532083,"International Relations, Political and Administrative Sciences"
Zacharie,Hobden,2002,2012,5694031398900,Biology and Geoscience
Codi,Borrett,2002,2014,4531209204122,Philology
Constanta,Meo,1999,2002,2158627667348,"Psychology, Pedagogy, Sociology and Social Work"
Bee,Dorr,1995,2012,1566454953790,Journalism and Communication Sciences
Dottie,Stemson,1996,2021,9435619841329,Physics and Engineering
Claire,Swadlinge,1995,2003,9971297218756,Chemistry and Chemical Technology
Michel,D'Antuoni,1997,2014,1896095353846,Philology
Rona,Fudge,1998,2013,9942650217063,Mathematics and Informatics
Arnuad,Zarfat,1999,2000,9632566910984,Physics and Engineering
Wright,Yelyashev,2001,2001,7403263559181,History and Philosophy
Giacobo,Saintpierre,1999,2018,3231534723901,Chemistry and Chemical Technology
Daloris,Wiburn,2000,2016,9790325380968,Philology
Reginald,Treversh,2001,2013,4705297798294,Journalism and Communication Sciences
Faulkner,Filipson,1998,2015,9472599177802,Mathematics and Informatics
Engracia,Janauschek,1997,2013,3047257572300,"International Relations, Political and Administrative Sciences"
Valeda,Bettenay,2001,2005,4274788328863,Physics and Engineering
Bobbie,Manger,2002,2006,4695468924448,Economic Sciences
Maureen,Leggate,1996,2015,6364616075507,Journalism and Communication Sciences
Yorgos,Joslyn,1996,2005,6639068864469,Biology and Geoscience
Gerry,Barlas,1996,2017,6173191694512,"International Relations, Political and Administrative Sciences"
Tobi,Savine,2002,2017,2447664428706,Philology
Alvan,Lorraine,2002,2022,3947162848024,Philology
Lucius,Rosenfrucht,2000,2012,3379132536707,Chemistry and Chemical Technology
Nathanial,Tomalin,1996,2009,4051343168987,Mathematics and Informatics
Carmella,Du Fray,2000,2009,1599752911711,History and Philosophy
Rodrick,Bratch,2002,2014,4670223709059,Chemistry and Chemical Technology
Keary,France,1998,2006,8539084552409,"Psychology, Pedagogy, Sociology and Social Work"
Darn,Trevor,2000,2007,9438208315239,"Psychology, Pedagogy, Sociology and Social Work"
Clarance,Linay,2002,2019,5383527604012,Physics and Engineering
Ronnica,Urry,1995,2017,7514026349124,Biology and Geoscience
Lowell,Stocker,2002,2015,300011705597,History and Philosophy
Eydie,Renols,2000,2020,9323428788816,Journalism and Communication Sciences
Elnar,Chinnock,2000,2004,2764209715544,Journalism and Communication Sciences
Linda,Freeth,2000,2003,9211102816272,Physics and Engineering
Jim,Tooting,1998,2005,6064446097281,Physics and Engineering
Phillipe,Cowitz,2001,2020,5489609604446,Law
Claus,Gilffilland,1995,2017,5358809615524,Law
Christalle,Klampk,1995,2006,5343037434573,Philology
Rana,Roger,1999,2005,457605322305,History and Philosophy
Charmain,Shermore,1998,2018,736861126979,Economic Sciences
Ginevra,Lumsdon,1999,2010,5647953950669,Biology and Geoscience
Dalli,Theakston,1996,2012,2977602767784,Chemistry and Chemical Technology
Zaria,Chalcot,1997,2017,7010463735204,Economic Sciences
Margette,Filyashin,1999,2007,6475076081452,Journalism and Communication Sciences
Rubia,Lorrimer,2000,2003,7708625105977,Law
Leda,Cuddehy,2002,2006,1306955316792,"International Relations, Political and Administrative Sciences"
Myca,McCay,1996,2015,9568962447014,Journalism and Communication Sciences
Arturo,Lampart,2002,2016,3652841485843,"International Relations, Political and Administrative Sciences"
Colly,Comellini,2001,2022,6520443017066,Philology
Mab,Wareing,1996,2014,7731746657569,Law
Benjamen,Notley,2002,2015,2847732805195,Physics and Engineering
Bud,Sedger,2001,2014,2315159833761,History and Philosophy
Jade,Mapes,2002,2016,3416530090687,Economic Sciences
Alasteir,Phetteplace,2002,2003,2791238934251,"Psychology, Pedagogy, Sociology and Social Work"
Maxine,Linkie,1999,2019,9863233092034,Physics and Engineering
Pearl,Bindley,1996,2022,6836739790590,"International Relations, Political and Administrative Sciences"
Fionnula,Swan,2001,2013,2196537955367,Law
Dreddy,Sijmons,1996,2001,6977729794866,Philology
Lonnie,Littrick,1996,2017,1341657748864,Law
Abbie,Kerfod,1996,2005,5976313258866,Journalism and Communication Sciences
Leigha,Morforth,2000,2009,8034007948273,Physics and Engineering
Sena,Kynge,2000,2005,8564060425154,Mathematics and Informatics
Saraann,Abrashkin,1998,2022,9115539737935,Economic Sciences
Urson,Sarchwell,2002,2003,1180866559051,Law
Gallagher,Wittey,1998,2003,8752580085863,"International Relations, Political and Administrative Sciences"
Jude,Mortimer,2001,2008,3694868527216,"International Relations, Political and Administrative Sciences"
Roxana,Cubitt,1995,2000,654620513755,Biology and Geoscience
Lauren,Meace,1997,2020,9188691473657,Mathematics and Informatics
Rustie,Knell,2001,2008,1606574256503,Economic Sciences
Marjorie,Tenaunt,2001,2005,3273348426637,History and Philosophy
Marie,Cammock,1995,2000,4138651361767,Chemistry and Chemical Technology
Philis,Curmi,1999,2019,8394318234614,"Psychology, Pedagogy, Sociology and Social Work"
Humberto,Martelet,1997,2009,7883452355383,Law
Jayne,Fargie,1995,2007,3554615986410,Philology
Blinni,Giraudou,2000,2010,1982198261034,Physics and Engineering
Brana,Stephenson,1996,2010,2366346354190,Chemistry and Chemical Technology
Leese,McCorley,2000,2020,6429420487586,Physics and Engineering
Hedwig,Harner,2000,2006,1076289103828,"Psychology, Pedagogy, Sociology and Social Work"
Roxi,Clohessy,2000,2018,7659239837310,"Psychology, Pedagogy, Sociology and Social Work"
Doralynn,Abatelli,1999,2008,1366238210315,History and Philosophy
Skippie,Joriot,2002,2011,6542390620352,Philology
Nicoli,Moff,2000,2005,1799024838240,Law
Werner,Kember,1999,2004,7516270764557,Mathematics and Informatics
Wendel,Bettington,2001,2000,8025604406277,"International Relations, Political and Administrative Sciences"
Stuart,Bordiss,1998,2014,2610514320437,Biology and Geoscience
Alice,Sired,1996,2007,5886755836740,Biology and Geoscience
Neilla,Loughran,2002,2001,3723897318740,Economic Sciences
Guinevere,Legen,1997,2021,266765044473,Law
Forrest,Barnaclough,1997,2001,9429781639184,Journalism and Communication Sciences
Shari,Veness,2000,2007,850608075102,Chemistry and Chemical Technology
Leandra,Teas,1999,2022,1675345046086,History and Philosophy
Travus,Cathee,1997,2003,4990804514692,Mathematics and Informatics
Sherri,Bordiss,1999,2007,1702624435575,"International Relations, Political and Administrative Sciences"
Nappie,Carleton,1999,2020,7177835467023,Physics and Engineering
Drugi,Shewen,1997,2015,194400615434,Biology and Geoscience
Kessiah,Ellesworth,1996,2014,4895153949327,Economic Sciences
Gannon,Yancey,2001,2022,4398234004131,Biology and Geoscience
Edee,Allderidge,2002,2010,7903141840606,Economic Sciences
Horatius,Brothwell,1995,2021,7713048876741,Physics and Engineering
Nolana,Bumpas,1998,2008,3470487947821,Biology and Geoscience
Aeriell,Trusslove,1996,2008,8135577587348,Economic Sciences
Aubert,Grushin,2001,2003,4166272506168,Chemistry and Chemical Technology
Lauren,Oloshin,2001,2010,3238220543971,Philology
Emmerich,Hudspeth,1995,2012,6964174849314,Journalism and Communication Sciences
Eliza,Maddams,1995,2001,6268574076444,"International Relations, Political and Administrative Sciences"
Judi,MacCostye,2000,2005,7789496598614,Biology and Geoscience
Reggy,Shale,1999,2002,4264291043571,Economic Sciences
Murielle,Rivelin,2000,2003,6797785902678,History and Philosophy
Grantham,Aveson,2002,2013,3825862937042,"Psychology, Pedagogy, Sociology and Social Work"
Koo,Livesley,2002,2006,2845067733485,Philology
Midge,McVaugh,2002,2022,8308287333071,Philology
Leonidas,Turneaux,1999,2008,3880596699417,Physics and Engineering
Tillie,Kinnett,2002,2013,8348860130496,Philology
Garrot,Cook,2000,2001,9381277562414,Philology
Webb,Martinuzzi,1997,2011,8520491210121,Chemistry and Chemical Technology
Gerik,Cowe,2001,2003,6676633425983,Biology and Geoscience
Edeline,Keat,1998,2001,5678839826849,"Psychology, Pedagogy, Sociology and Social Work"
Andras,Vasic,2002,2003,2552658948581,"International Relations, Political and Administrative Sciences"
Lexis,Catcherside,1997,2000,7152375182737,Philology
Nedi,Frackiewicz,2000,2021,1271555028036,Biology and Geoscience
Jocelin,Blackie,1996,2007,9316329699304,Biology and Geoscience
Rubie,Freyn,1996,2009,6583587022940,"Psychology, Pedagogy, Sociology and Social Work"
Sher,Keightley,1995,2019,6767897598190,Journalism and Communication Sciences
Lauritz,Sherston,1999,2019,6210462607313,Journalism and Communication Sciences
Bogart,Heinritz,2002,2013,736004907333,Physics and Engineering
Townsend,Castells,1998,2016,1138534401006,Journalism and Communication Sciences
Camilla,Caudrelier,2001,2009,5950123061774,Physics and Engineering
Willi,Barthelmes,2001,2018,8281623750196,"Psychology, Pedagogy, Sociology and Social Work"
Eleonora,Howgill,1998,2015,5344505948343,Chemistry and Chemical Technology
Jennette,Eddow,1996,2011,7471081975114,"International Relations, Political and Administrative Sciences"
Marlena,Davie,1995,2016,3952722670506,Physics and Engineering
Arlin,Godfree,1996,2008,7595023360487,Law
Lammond,Tippell,1996,2011,2344566710984,Journalism and Communication Sciences
Urban,Knibley,2002,2001,4805557214763,"International Relations, Political and Administrative Sciences"
Clement,Tayspell,1995,2021,3359688506148,"International Relations, Political and Administrative Sciences"
Livy,Blackler,2001,2020,3217772491804,"Psychology, Pedagogy, Sociology and Social Work"
Tammie,Antony,1997,2019,9419790945069,Journalism and Communication Sciences
Tuckie,Pering,1997,2000,7912359571176,Biology and Geoscience
Kamillah,Hakewell,2000,2014,9138198910912,Journalism and Communication Sciences
Nicholle,Weatherall,2001,2021,2847827413932,Mathematics and Informatics
Dolli,Kinnier,2001,2007,4790571971932,Biology and Geoscience
Fanechka,Manuelli,2001,2014,1926376736062,Economic Sciences
Emilie,Wakeman,1996,2012,2706961570727,"Psychology, Pedagogy, Sociology and Social Work"
Angelina,Oake,2002,2016,2675756852339,"International Relations, Political and Administrative Sciences"
Sheffy,Tysack,2002,2011,6780077361383,Chemistry and Chemical Technology
Jaimie,Gier,1997,2006,6371142582303,Biology and Geoscience
Thatcher,Molines,1997,2001,6779381335234,Journalism and Communication Sciences
Aurthur,Rumens,1998,2004,5964606474900,History and Philosophy
Cordell,Quarrell,1999,2004,3408351935787,Philology
Ellene,Nial,2002,2017,7146405891414,Mathematics and Informatics
Eleen,Chastey,1998,2012,6131881424189,Mathematics and Informatics
Ula,Suttell,1995,2016,7469190715745,Philology
Roselle,Papaminas,1996,2006,9467628642772,Economic Sciences
Fred,Duding,2001,2017,2176013697384,Economic Sciences
Beverlee,Boddis,1998,2012,8006379430385,Economic Sciences
Bobby,Maclaine,2002,2017,9406450649586,"Psychology, Pedagogy, Sociology and Social Work"
Derrick,Yvens,1996,2011,4522973377120,History and Philosophy
Wallace,Krauze,1998,2001,8750658476448,Philology
Burr,Jouannisson,1998,2021,558029662159,"Psychology, Pedagogy, Sociology and Social Work"
Lorita,Perulli,1995,2020,8325589839753,Mathematics and Informatics
Crystie,Lane,2002,2004,2806077669100,"Psychology, Pedagogy, Sociology and Social Work"
Virge,Hickin,1995,2013,9649047005068,Mathematics and Informatics
Raimundo,Carletti,1998,2008,2808729571388,Physics and Engineering
Fidela,Mistry,2002,2020,1442944057222,Philology
Gates,Scrimshire,1996,2007,5363097248301,Law
Maxi,Easthope,1996,2007,9205284922142,"Psychology, Pedagogy, Sociology and Social Work"
Karee,Theaker,1999,2007,6027052176906,"International Relations, Political and Administrative Sciences"
Aubrette,Abdey,2001,2005,5938658020721,Journalism and Communication Sciences
Skelly,Woodus,1998,2022,4858656645378,Biology and Geoscience
Stirling,Isworth,2001,2019,8012359820193,Biology and Geoscience
Leonardo,Becraft,2001,2006,484263609475,Philology
Celeste,Jumonet,1998,2011,4332726134445,History and Philosophy
Gherardo,Leason,2000,2022,3052673590234,"International Relations, Political and Administrative Sciences"
Clovis,de Leon,1998,2021,2500608254180,Physics and Engineering
Grete,Cracie,1998,2006,7070956432059,Biology and Geoscience
Yolanthe,Thomasson,1997,2012,7465793065409,Biology and Geoscience
Ninon,Parkyns,1997,2003,161546187134,Chemistry and Chemical Technology
Ernaline,Feehily,1995,2015,5659944809731,Mathematics and Informatics
Giselbert,Durnford,1998,2008,3383216381505,Biology and Geoscience
Johnnie,Loan,2002,2010,122023680314,"International Relations, Political and Administrative Sciences"
Willem,Doy,2000,2008,1558825530056,Mathematics and Informatics
Kennett,Brimilcombe,1998,2016,4923088273460,Physics and Engineering
Gareth,Jobin,2000,2002,4430192046636,Economic Sciences
Clarissa,Rougier,2002,2009,792690291210,Law
Mar,Martinon,2000,2000,1399542251534,Journalism and Communication Sciences
Kaleena,Hurle,2000,2020,5028085828836,Physics and Engineering
Bonnee,Gladtbach,1999,2005,5650119128887,Physics and Engineering
Minda,Minors,1996,2002,8104114145182,Physics and Engineering
Brittni,Fidoe,1998,2012,332534961084,Mathematics and Informatics
Harli,Sturgeon,1995,2010,5404048496226,Law
Patrice,Jellard,2001,2021,5697536446149,Mathematics and Informatics
Ky,Lenglet,1997,2004,5801352027350,Philology
Wesley,Gerrit,2001,2007,9084977775483,Law
Adrianne,Worviell,2002,2000,8101947352831,Journalism and Communication Sciences
Robinson,Edmans,1999,2010,9773116043941,History and Philosophy
Tabbitha,Ingley,2002,2005,9241530258490,Economic Sciences
Dulcine,Dracey,1996,2006,2276476407304,History and Philosophy
Aggie,Coll,2002,2005,8842338120801,History and Philosophy
Vevay,Hebblethwaite,2002,2012,1938833349248,Economic Sciences
Thorin,Brodest,1999,2013,4004473383199,"International Relations, Political and Administrative Sciences"
Brigitta,Cosgry,1997,2010,6593618002560,Biology and Geoscience
Christophorus,Bannell,1998,2020,3717479253948,Economic Sciences
Amalee,Archdeckne,2000,2014,5413011031664,Law
Betta,Emmott,2002,2018,6274987887961,Law
Keefer,Ruddock,1996,2005,3429108460071,Economic Sciences
Beitris,Barringer,2002,2013,7692565859855,"International Relations, Political and Administrative Sciences"
Romonda,McCaghan,2000,2018,4431584222969,Biology and Geoscience
Fredi,Rapsey,1996,2013,2941864940925,Law
Erick,Bricknall,1998,2010,7768379556509,"Psychology, Pedagogy, Sociology and Social Work"
Alex,Wegner,1995,2003,5190214537904,Philology
Melita,McMenamin,2000,2007,9081458510655,Journalism and Communication Sciences
Zebedee,Gehrels,1997,2004,1905460734384,Law
Vachel,Witherby,1996,2021,7379522020599,Biology and Geoscience
Erek,Kelleway,2002,2010,1155652550776,"International Relations, Political and Administrative Sciences"
Jereme,Keyse,2001,2003,2928081692837,Biology and Geoscience
Sherlock,Coverlyn,1999,2017,244196691042,Journalism and Communication Sciences
Michaela,Hablet,1997,2008,3398010139576,Chemistry and Chemical Technology
Zara,Sudron,1997,2000,6679994355527,History and Philosophy
Deloria,Malthus,1997,2014,3193716864931,Physics and Engineering
Lari,Gimson,2000,2007,1843152446122,Biology and Geoscience
Marge,Prettyjohn,1997,2011,9265788492089,"International Relations, Political and Administrative Sciences"
Orbadiah,Hariot,1999,2017,9848550577633,"Psychology, Pedagogy, Sociology and Social Work"
Marita,Hynes,2000,2000,1709906652146,"International Relations, Political and Administrative Sciences"
Loni,Jeandet,2002,2019,1009856731521,History and Philosophy
Biddy,Marcroft,1998,2003,8661778335018,History and Philosophy
Sloane,Mival,1996,2016,2264619724785,Economic Sciences
Kaile,Bircher,2001,2012,8298313196341,Philology
Leodora,Leisman,1999,2022,1067835884510,Physics and Engineering
Jazmin,Bigham,2001,2005,3528971460415,"Psychology, Pedagogy, Sociology and Social Work"
Padriac,Jacobowicz,1996,2007,5628160235409,Law
Heloise,Pickle,1996,2004,9183279368834,Mathematics and Informatics
Perri,Roggerone,2000,2021,1045172080334,Economic Sciences
Maud,Woodburn,1998,2008,8348026749616,Chemistry and Chemical Technology
Dasha,Anslow,2000,2007,8823031070270,Physics and Engineering
Geno,Harwin,1997,2011,2041325136142,Biology and Geoscience
Beulah,Doale,1998,2013,5586810392246,Philology
Yorgos,Darch,1999,2002,8646806828021,Biology and Geoscience
Ula,Maybery,1996,2021,3348741325966,Journalism and Communication Sciences
Katherine,Ludlem,1999,2015,3052384733223,"International Relations, Political and Administrative Sciences"
Berke,Glidden,1998,2005,756091795658,Chemistry and Chemical Technology
Cchaddie,Cardenoza,1996,2014,4763748321070,Law
Orella,Rupel,1999,2019,6114383866839,Biology and Geoscience
Leopold,Messiter,2001,2017,3409886210185,Law
Junina,Kisbee,1995,2015,4305495980197,"Psychology, Pedagogy, Sociology and Social Work"
Piggy,Patterson,1999,2006,2745756230747,Philology
Corrianne,Lipgens,1998,2017,3582646462824,"International Relations, Political and Administrative Sciences"
Frederigo,Peppard,1995,2013,5985278124109,Philology
Carmita,Dennidge,2002,2004,8941558841211,Law
Rasla,Doherty,2000,2001,9429303605561,Physics and Engineering
My,Camili,1999,2016,6433670170837,Biology and Geoscience
Sheff,Pallasch,1997,2002,8487961166627,Mathematics and Informatics
Bette-ann,Lade,1999,2022,8033771839993,"Psychology, Pedagogy, Sociology and Social Work"
Cleveland,Pigny,2001,2008,258395426135,Biology and Geoscience
Donella,Weild,1999,2022,9350292342372,History and Philosophy
Jamal,Yanin,2002,2013,3874155111685,Law
Buiron,Caffery,1995,2014,8315766742525,Chemistry and Chemical Technology
Maddie,Basnett,1999,2000,1472199627002,History and Philosophy
Ty,Lintot,1998,2005,1310145346634,History and Philosophy
Junie,Crigin,2001,2003,1442759670760,Physics and Engineering
Kenna,Frounks,1996,2011,9844651817203,Mathematics and Informatics
Dyanna,Dreossi,1996,2008,9356426362904,History and Philosophy
Alphonse,Pessolt,1996,2008,985024268666,"Psychology, Pedagogy, Sociology and Social Work"
Val,Boocock,1995,2007,5292033277567,"Psychology, Pedagogy, Sociology and Social Work"
Hyacinth,Linch,1996,2016,1144430460130,History and Philosophy
Mahalia,Slessar,2000,2007,7195126780439,Physics and Engineering
Barbette,Ackers,1997,2017,1120309095539,Journalism and Communication Sciences
Glenn,Hurburt,2001,2018,5671051291597,Philology
Felisha,Seager,1996,2004,7752076105983,Law
Ezri,Jezard,2002,2008,2684031966335,Physics and Engineering
Cynthy,Farquhar,1996,2018,5105065377662,"Psychology, Pedagogy, Sociology and Social Work"
Elbertine,Carren,2002,2015,2290726457051,Biology and Geoscience
Wendy,Biggs,1996,2015,1530570180267,Economic Sciences
Sonny,Tigner,1997,2018,6702529824198,Mathematics and Informatics
Filbert,McNaughton,1999,2008,8381184759500,Economic Sciences
Andy,Stonier,1997,2002,8051084021834,Chemistry and Chemical Technology
Minerva,Ragless,2002,2002,3124753324912,Mathematics and Informatics
Allissa,Iliff,2001,2018,7136864919332,"Psychology, Pedagogy, Sociology and Social Work"
Berkeley,Hosby,2001,2016,881072648016,Philology
Jerald,Klemt,2001,2017,9008283814789,Law
Eward,Bouzan,2000,2012,8525693396094,Chemistry and Chemical Technology
Abrahan,Broadbury,1995,2004,9759750010717,Philology
Tomasina,Meaney,1998,2013,165834417754,Journalism and Communication Sciences
Gabriella,Burnapp,1995,2011,1843123043322,Economic Sciences
Janis,L'Amie,2002,2001,203963479243,Mathematics and Informatics
Aurlie,Chedgey,1998,2009,7873980224102,Philology
Nicky,Lainge,2002,2005,7165918161419,Economic Sciences
Chevy,Stainton - Skinn,1996,2018,9157134897190,Journalism and Communication Sciences
Ellery,Aitkenhead,2001,2015,3752155625638,Chemistry and Chemical Technology
Darwin,Tompkin,1998,2004,5759448732458,Biology and Geoscience
Gray,Forsyde,1999,2019,4536566726279,Chemistry and Chemical Technology
Lombard,Eastwell,1997,2010,1236109362240,Philology
Christoph,Julien,1999,2019,1040023127062,Mathematics and Informatics
Morgen,Southcott,2000,2017,2004822957342,Philology
Laureen,Balderson,2000,2002,1668644334183,Journalism and Communication Sciences
Bekki,McGenn,1997,2006,8286885808301,Physics and Engineering
Dru,Marshalleck,1999,2008,7759933573654,Biology and Geoscience
Andrei,Kobke,2001,2017,9079093717391,Journalism and Communication Sciences
Dougy,Marchbank,1998,2013,3328715658734,"Psychology, Pedagogy, Sociology and Social Work"
Rochelle,Dolton,1996,2000,8046048460330,Economic Sciences
Emmalyn,Free,1996,2000,2845661227035,"Psychology, Pedagogy, Sociology and Social Work"
Sunny,Aime,1997,2001,9176237303925,Biology and Geoscience
Whitney,Crowhurst,1997,2014,855450207834,"International Relations, Political and Administrative Sciences"
Neron,Derham,1997,2011,6015724962388,Chemistry and Chemical Technology
Cyrill,Kevis,1998,2020,4984748847650,"International Relations, Political and Administrative Sciences"
Vikky,Glendza,1998,2009,9924847917969,Biology and Geoscience
Niels,Aslum,2002,2022,1799096510518,Biology and Geoscience
Hashim,Manz,1998,2011,6593818635661,"International Relations, Political and Administrative Sciences"
Bobbie,Andryushchenko,2002,2002,3629259947678,Mathematics and Informatics
Tades,Gogerty,1995,2008,5043464717940,History and Philosophy
Burl,Santello,2001,2021,2228517796245,History and Philosophy
Cece,Busswell,1997,2018,5441160783858,"Psychology, Pedagogy, Sociology and Social Work"
Wilie,Shirtcliffe,1996,2001,6375973888256,Biology and Geoscience
Freemon,Blaby,1999,2011,1355215257855,Law
Cosette,Rhelton,1997,2017,1109752700912,"International Relations, Political and Administrative Sciences"
Shurwood,McGaugan,1996,2022,896573067570,Journalism and Communication Sciences
Claire,Phelan,1999,2012,1622658259164,"International Relations, Political and Administrative Sciences"
Cheston,Petofi,1996,2009,7799759317259,Journalism and Communication Sciences
Yvon,Carlan,1997,2018,4062165364297,Mathematics and Informatics
Tatiana,Lipyeat,2001,2019,2628140348178,Physics and Engineering
Karney,Darnbrough,2002,2013,2328864266471,History and Philosophy
Arnold,McFie,1997,2007,2738899150189,Journalism and Communication Sciences
Trudi,Twining,1995,2005,9084399551306,Economic Sciences
Kristopher,Riordan,2000,2002,977329576679,Biology and Geoscience
Lindie,Grestye,1999,2008,5330967041559,Mathematics and Informatics
Keefer,Tinmouth,2001,2004,5548790304948,Law
Tatum,Challenor,1996,2011,2674469218720,Economic Sciences
Ozzy,Boddis,2001,2010,5559194310759,"International Relations, Political and Administrative Sciences"
Leonid,Candie,2001,2007,6489003652097,Law
Baudoin,Rollingson,1996,2013,1109239269899,Law
Townsend,Worpole,1995,2002,2998706726289,"Psychology, Pedagogy, Sociology and Social Work"
Anissa,Labusquiere,1998,2018,5255347085894,"Psychology, Pedagogy, Sociology and Social Work"
Yetta,Hambleton,1998,2013,869251181549,"Psychology, Pedagogy, Sociology and Social Work"
Malvin,Echalier,1996,2007,6337965697917,"Psychology, Pedagogy, Sociology and Social Work"
Flo,Howsden,1997,2015,3902476262520,Chemistry and Chemical Technology
Kirbee,Cescot,1996,2007,6576725659977,Philology
Leonanie,Derby,2000,2001,3121189033697,Philology
Gwendolyn,Groves,1998,2021,5965211546205,"Psychology, Pedagogy, Sociology and Social Work"
Tova,Chamberlin,1998,2013,5432743958147,Biology and Geoscience
Faulkner,Managh,1995,2016,7719434820767,Chemistry and Chemical Technology
Elwood,Marzele,2000,2016,3534923452107,Biology and Geoscience
Annalee,Sneaker,1995,2001,6817264113303,Journalism and Communication Sciences
Margaretha,Ariss,1999,2018,9102565604641,"International Relations, Political and Administrative Sciences"
Veradis,Meriet,2001,2016,8634726959015,Physics and Engineering
Katherina,Hearse,1997,2017,2624923655546,Chemistry and Chemical Technology
Kesley,Feeham,2000,2007,9565194211375,Mathematics and Informatics
Stacy,Coventry,1995,2006,8891811291971,Journalism and Communication Sciences
Freddy,Guidone,2002,2003,8942750370627,Physics and Engineering
Rodger,Kytter,2000,2006,1939715581262,Economic Sciences
Artemas,Wales,1996,2016,2140211408614,Mathematics and Informatics
Katerine,Thebe,1995,2012,8214046501748,"International Relations, Political and Administrative Sciences"
Ev,Hardi,2001,2002,5958929545001,Mathematics and Informatics
Bernete,Tapp,1997,2003,8647857446066,History and Philosophy
Daron,Franz,1995,2001,4085301584338,Economic Sciences
Maura,Breming,1995,2007,8087109398908,Biology and Geoscience
Libbey,Arnout,2000,2009,4277962007054,Mathematics and Informatics
Cherie,Bichener,1996,2000,7468436397874,"International Relations, Political and Administrative Sciences"
Marcellus,Frears,2002,2020,3288516294415,Mathematics and Informatics
Trace,Bonnette,1996,2004,3488607397195,Mathematics and Informatics
Nathanil,McIlroy,2002,2022,7905646418122,Mathematics and Informatics
Kikelia,Bate,1999,2015,3733155201068,Physics and Engineering
Ainslie,Grishinov,1996,2002,2953899748210,Mathematics and Informatics
Florentia,Vondrach,1995,2004,662432492950,Journalism and Communication Sciences
Carlin,Vagges,1996,2016,196450841230,Chemistry and Chemical Technology
Hayes,Dobie,1997,2016,4896771910257,Journalism and Communication Sciences
Marla,Stetlye,2002,2004,8912246968217,Economic Sciences
Skyler,Faull,2000,2021,2677374570602,Mathematics and Informatics
Gavin,Deetlof,1996,2003,7149631218228,"International Relations, Political and Administrative Sciences"
Duff,Sterte,1995,2008,6011352253886,Mathematics and Informatics
Hartley,Geaney,2001,2014,7675196399603,Journalism and Communication Sciences
Cordey,Siggers,1997,2010,4107809844629,"Psychology, Pedagogy, Sociology and Social Work"
Inglis,Gainfort,1996,2011,2836132049891,History and Philosophy
Kalindi,Hathaway,1999,2007,3281206759143,Philology
Royall,Wither,2002,2009,8825634181212,Economic Sciences
Tremayne,O'Lehane,1995,2014,5981256176528,Philology
Shoshanna,Penwright,1996,2005,8905990025817,Philology
Sullivan,Verchambre,1996,2012,2095920926241,Journalism and Communication Sciences
Ryan,Iacapucci,1997,2003,7043418739323,Physics and Engineering
Berthe,Senechell,1995,2019,3832072818596,Mathematics and Informatics
Gisella,Archbould,2000,2018,1268487403541,"International Relations, Political and Administrative Sciences"
Louie,Wallen,1997,2021,3294574768595,Mathematics and Informatics
Neal,Olivas,2001,2001,6258806684347,Law
Roldan,Daenen,1998,2020,508894968111,Law
Lemmy,Tuma,1998,2018,4813296077652,Physics and Engineering
Pancho,Draaisma,2001,2021,6755740119423,"Psychology, Pedagogy, Sociology and Social Work"
Sherilyn,Cymper,1996,2000,4107015471186,Physics and Engineering
Darice,Rosson,2000,2017,7125235786256,Chemistry and Chemical Technology
Coralie,Josefsson,1996,2014,6096114454278,Economic Sciences
Evered,Tucknott,1997,2007,4371986733323,Philology
Phillipp,Silkston,2000,2020,7272857079870,Economic Sciences
Robert,Kanter,1999,2005,9632282029307,History and Philosophy
Clementina,Luckett,1995,2003,1215124305422,Philology
Helen,Cassy,1995,2009,7211402031877,Mathematics and Informatics
Andriana,Tavner,1998,2000,3655265067593,Economic Sciences
Matelda,Gorhardt,2000,2004,7684124125784,Physics and Engineering
Leupold,Bambrick,2001,2013,3468602648469,Physics and Engineering
Idalina,Delouch,2000,2020,3099754891243,Mathematics and Informatics
Loren,Gohier,1996,2019,2529289507168,Biology and Geoscience
Romy,Reilly,1999,2001,2993177786278,Chemistry and Chemical Technology
Amitie,Mott,2000,2017,9310519281531,Economic Sciences
Igor,Schmuhl,1998,2006,785916151367,Economic Sciences
Marshal,Itchingham,2001,2007,4409068876407,Law
Adair,Shipperbottom,1997,2017,5350193933180,"Psychology, Pedagogy, Sociology and Social Work"
Nikaniki,Edbrooke,1998,2001,3772593746173,"International Relations, Political and Administrative Sciences"
Benton,De Andisie,1996,2002,7848096632939,Journalism and Communication Sciences
Katharina,Vowell,1999,2005,8413190584952,Economic Sciences
Myrlene,Godier,2001,2019,3087219068418,"Psychology, Pedagogy, Sociology and Social Work"
Stan,Mallya,2002,2021,8656905090570,Biology and Geoscience
Pauletta,Wankel,2002,2021,819968080185,Economic Sciences
Thaxter,Traice,1999,2009,4042574568736,Law
Jerri,Walduck,2000,2018,2225440270623,Biology and Geoscience
Cal,Obeney,1997,2016,4069686265391,Economic Sciences
Horatio,Spurdon,2002,2008,527492190742,Mathematics and Informatics
Reynolds,Licas,2000,2015,3340071246169,Economic Sciences
Dorena,Clemenson,2000,2007,2846748623101,Law
Nari,von Hagt,1996,2013,4365596221641,Biology and Geoscience
Bronnie,Huckster,2001,2009,6886419644338,Biology and Geoscience
Heinrik,Ickov,2001,2008,7167076423945,"International Relations, Political and Administrative Sciences"
Madelene,Davidsson,2002,2003,453251896218,Economic Sciences
Niccolo,Bleby,1997,2022,1646155268642,Economic Sciences
Sheryl,Cuel,2001,2016,6933139039293,Physics and Engineering
Gerri,Russon,2000,2016,4416877567602,Biology and Geoscience
Cull,Camacho,2000,2019,8260279481762,Chemistry and Chemical Technology
Elva,Synke,2000,2012,3416906479689,Chemistry and Chemical Technology
Tracey,Bratchell,2001,2011,5430758121178,Physics and Engineering
Maribeth,Humfrey,1996,2020,3699698982651,Law
Egor,Beiderbeck,1995,2004,1676386328361,"Psychology, Pedagogy, Sociology and Social Work"
Lanny,Birbeck,2000,2007,9727874798138,Philology
Mirna,Huygens,1996,2001,8594042296406,Journalism and Communication Sciences
Boone,Pietrzyk,1999,2012,3103779120391,Economic Sciences
Janos,Landrean,1997,2019,8882329661398,Physics and Engineering
Charmian,Ofener,1998,2015,148360194760,Biology and Geoscience
Kat,Giacobelli,1999,2019,9613488564736,Biology and Geoscience
Franz,Wolfers,1995,2012,5471542651678,Journalism and Communication Sciences
Chiquita,Hailwood,2000,2002,8080940091039,Mathematics and Informatics
Row,Girkin,1996,2019,1310603378223,Chemistry and Chemical Technology
Kristina,Rasp,1997,2018,6079593366844,Physics and Engineering
Kally,Bruneau,2000,2011,5016101271201,"Psychology, Pedagogy, Sociology and Social Work"
Valentin,Pursglove,1997,2002,3190980101857,Chemistry and Chemical Technology
Keene,Elgee,1998,2011,8675529885330,Law
Florette,Abelov,1999,2013,7979997358538,"Psychology, Pedagogy, Sociology and Social Work"
Tris,Exeter,2001,2006,3624222994285,Philology
Rowe,Le Marchant,2001,2001,5611291469474,Mathematics and Informatics
Chancey,Ribbon,2001,2000,9870563262171,Mathematics and Informatics
Bertha,Cleef,1997,2018,7108307915249,Economic Sciences
Ermina,Chidwick,2002,2018,9912207448938,Physics and Engineering
Wally,Bordone,2000,2016,4982681859774,Economic Sciences
Hedvige,Reavey,1996,2009,497440975003,Law
Dmitri,Foldes,2001,2020,4541320032657,Law
Charles,Le Count,1997,2005,8913617255051,Mathematics and Informatics
Juana,Khosa,2001,2016,2333551759048,Journalism and Communication Sciences
Sherye,Biddulph,2002,2018,9623385145394,"International Relations, Political and Administrative Sciences"
Paulie,Jantel,2002,2005,9034251700981,Economic Sciences
Viva,Egarr,1997,2007,4773473167637,Journalism and Communication Sciences
Erasmus,Jannasch,1995,2005,9688463948208,History and Philosophy
Alis,Redd,1995,2022,5228020175554,Philology
Hank,Shayes,1999,2000,6282164913006,Chemistry and Chemical Technology
Iggie,Ankrett,2002,2012,1961340444930,Chemistry and Chemical Technology
Sibyl,Selburn,1995,2011,813882057156,Physics and Engineering
Netta,Gasparro,1998,2019,7719694105021,Mathematics and Informatics
Cecile,Powis,2001,2014,2482995427142,Biology and Geoscience
Lian,Charville,1998,2018,5066074859387,Law
Portia,Leith,1995,2021,3981049488733,Mathematics and Informatics
Gustaf,Joerning,1995,2008,3916085602340,Philology
Christina,Birt,1998,2005,3899143900925,Physics and Engineering
Jakob,Linacre,1996,2018,9612296996419,Mathematics and Informatics
Jerrie,Chesson,2000,2014,8160360763868,"Psychology, Pedagogy, Sociology and Social Work"
Duffie,Esilmon,2001,2010,7460919543318,Physics and Engineering
Benedict,Gyrgorcewicx,1997,2022,5362638133725,Mathematics and Informatics
Vina,Stuchburie,2001,2008,2308479145843,"Psychology, Pedagogy, Sociology and Social Work"
Georgena,Balderstone,2001,2020,8433819808998,Mathematics and Informatics
Zollie,Jurek,2001,2003,6925862723872,Law
Kelli,Ludl,1997,2010,8352517227899,Chemistry and Chemical Technology
Bradney,Lorand,1997,2020,594504752179,Journalism and Communication Sciences
Ricard,Mawer,2000,2003,4929786303623,Economic Sciences
Hewe,Wyllt,2000,2003,3594491819119,Economic Sciences
Fulton,Unger,1998,2012,1847143926793,Biology and Geoscience
Tiler,Jedraszczyk,2000,2014,7056592177001,History and Philosophy
Colly,McQuorkel,1998,2006,8987726865029,"International Relations, Political and Administrative Sciences"
Shannah,Winteringham,2001,2000,4486146726023,"Psychology, Pedagogy, Sociology and Social Work"
Kelli,Chilvers,1998,2021,956108074060,Economic Sciences
Goober,Confort,1996,2014,5751024086650,History and Philosophy
Kiley,Portingale,1995,2008,463682331618,"International Relations, Political and Administrative Sciences"
Augustus,Schmuhl,1995,2006,966219834014,Chemistry and Chemical Technology
Jaquith,Sweatland,2000,2019,6799890063937,Biology and Geoscience
Drugi,Banham,1997,2002,6366624373506,"Psychology, Pedagogy, Sociology and Social Work"
Anson,Tatnell,2002,2017,4233280667058,Journalism and Communication Sciences
Norby,Jacmard,2001,2005,2311425738202,"International Relations, Political and Administrative Sciences"
Casey,Hirjak,1995,2006,5437063238855,Biology and Geoscience
Nealon,Bernhart,1997,2018,5270498837918,Law
Wally,Douberday,1998,2004,8035653855102,Mathematics and Informatics
Marika,Brik,1995,2007,1000511133428,Biology and Geoscience
Giff,Sinnock,1999,2020,753805447644,Physics and Engineering
Iona,Steele,2001,2013,3480372924400,"International Relations, Political and Administrative Sciences"
Boyce,Gravie,1999,2017,2391170337126,Mathematics and Informatics
Ella,Lidgertwood,2000,2001,9732596462938,Philology
Wendel,Daintier,1997,2001,4677895043893,Physics and Engineering
Harli,Rummery,1998,2021,7704053776728,Philology
Louis,Thombleson,2001,2013,4451545560251,Mathematics and Informatics
Dody,Ballintime,1998,2020,6290357688121,Philology
Delbert,Dye,1997,2009,8966071270051,"Psychology, Pedagogy, Sociology and Social Work"
Hilton,Goddert.sf,2000,2013,8390946250372,Economic Sciences
Michaella,Quirk,1996,2019,2681768528124,Chemistry and Chemical Technology
Valerie,McBryde,2000,2016,8351749223500,History and Philosophy
Clyve,Champain,1996,2017,492919258742,History and Philosophy
Perl,Daouze,1997,2008,3302022993677,Journalism and Communication Sciences
Kittie,Cristoferi,2001,2011,2005565321751,Philology
Joyann,Shortall,1998,2012,4966422305587,Philology
Ariadne,Luetchford,1995,2018,8046731593726,Physics and Engineering
Catherine,Maypother,2002,2021,8470974922870,Mathematics and Informatics
Mose,Okenfold,2001,2016,9801628242719,Economic Sciences
Reine,Moat,1997,2016,9612190387928,Mathematics and Informatics
Dawn,Gotling,1997,2020,4874557754473,Biology and Geoscience
Sada,Winnister,2001,2001,2139932709656,Mathematics and Informatics
Tiff,Dilgarno,1996,2010,5675168056412,History and Philosophy
Nyssa,Oganian,1995,2003,9727632435160,Physics and Engineering
Allen,Beagin,1999,2022,9106217121168,History and Philosophy
Verina,Jori,2001,2006,7190410663338,Law
Rhetta,Corbyn,1997,2006,6505518467605,Mathematics and Informatics
Joela,Ragg,1995,2001,5523547951484,Mathematics and Informatics
Penni,Crotty,1999,2017,4151658827207,Physics and Engineering
Lela,Biers,2000,2014,7662443014926,Economic Sciences
Bert,Tollmache,2000,2015,7536427598121,"International Relations, Political and Administrative Sciences"
Rennie,Figg,2000,2000,194005782991,Law
Alessandro,Bowness,2001,2017,1913299633779,Philology
Winn,Kightly,1999,2004,5085473822185,"Psychology, Pedagogy, Sociology and Social Work"
Isidro,Bellingham,1996,2014,9555299971533,Philology
Saul,Coldbreath,2001,2006,3674966209400,History and Philosophy
Delila,Perett,1998,2019,4794583499567,Mathematics and Informatics
Wilburt,Alexandrescu,1998,2017,4631208233858,Law
Allie,Cymper,2001,2020,9736947991872,Mathematics and Informatics
Bellanca,Jennick,1995,2016,1322035303063,"International Relations, Political and Administrative Sciences"
